create table groups (group_id int8 generated by default as identity, group_title varchar(255) not null, primary key (group_id));
INSERT INTO groups (group_id, group_title) VALUES (100, 'Christmas Dinner');
INSERT INTO groups (group_id, group_title) VALUES (101, 'Barbecue day');
INSERT INTO groups (group_id, group_title) VALUES (102, 'Surprise birthday party');

create table user_data (username varchar(255) not null, name varchar(255) not null, password varchar(255) not null, primary key (username));
INSERT INTO user_data (username, name, password) VALUES ('roberto5000', 'Roberto Gonzalez', 'abc123');
INSERT INTO user_data (username, name, password) VALUES ('mriajim', 'Maria Jimenez', '89asj');
INSERT INTO user_data (username, name, password) VALUES ('ant_gzlez', 'Antonio Gonzalez', 'as9zx9k');
INSERT INTO user_data (username, name, password) VALUES ('goku', 'Goku Fernandez', '235hxa');
INSERT INTO user_data (username, name, password) VALUES ('ign', 'Ignacio Diaz', 'sad89x8j');
INSERT INTO user_data (username, name, password) VALUES ('manoleitor', 'Manuel Moreno', 'zxf8e8fj');

create table group_user (group_id int8 not null, username varchar(255) not null);
INSERT INTO group_user (group_id, username) VALUES (100, 'roberto5000');
INSERT INTO group_user (group_id, username) VALUES (100, 'mriajim');
INSERT INTO group_user (group_id, username) VALUES (100, 'ant_gzlez');
INSERT INTO group_user (group_id, username) VALUES (101, 'goku');
INSERT INTO group_user (group_id, username) VALUES (101, 'ign');
INSERT INTO group_user (group_id, username) VALUES (101, 'manoleitor');
INSERT INTO group_user (group_id, username) VALUES (102, 'roberto5000');
INSERT INTO group_user (group_id, username) VALUES (102, 'mriajim');
INSERT INTO group_user (group_id, username) VALUES (102, 'ant_gzlez');
INSERT INTO group_user (group_id, username) VALUES (102, 'goku');
INSERT INTO group_user (group_id, username) VALUES (102, 'ign');
INSERT INTO group_user (group_id, username) VALUES (102, 'manoleitor');

create table expenses (id int8 generated by default as identity, amount float8 not null, currency varchar(255) not null, date_created int8, description varchar(255) not null, e_group int8, e_user varchar(255), primary key (id));
INSERT INTO expenses (id, amount, currency, date_created, description, e_group, e_user) VALUES (0, 120.50, 'EUR', 1672008722, 'Dinner', 100, 'roberto5000');
INSERT INTO expenses (id, amount, currency, date_created, description, e_group, e_user) VALUES (1, 35.95, 'EUR', 1672008633, 'First taxi', 100, 'roberto5000');
INSERT INTO expenses (id, amount, currency, date_created, description, e_group, e_user) VALUES (2, 33.25, 'EUR', 1672009951, 'Second taxi', 100, 'ant_gzlez');
INSERT INTO expenses (id, amount, currency, date_created, description, e_group, e_user) VALUES (3, 150, 'EUR', 1659606722, 'House rent ', 101, 'goku');
INSERT INTO expenses (id, amount, currency, date_created, description, e_group, e_user) VALUES (4, 35.95, 'EUR', 1659606157, 'First taxi', 101, 'ign');
INSERT INTO expenses (id, amount, currency, date_created, description, e_group, e_user) VALUES (5, 33.25, 'EUR', 1659606126, 'Second taxi', 101, 'ign');
INSERT INTO expenses (id, amount, currency, date_created, description, e_group, e_user) VALUES (6, 90.70, 'EUR', 1659608421, 'Normal meal', 101, 'goku');
INSERT INTO expenses (id, amount, currency, date_created, description, e_group, e_user) VALUES (7, 15.12, 'EUR', 1659606961, 'Vegan meal', 101, 'manoleitor');
INSERT INTO expenses (id, amount, currency, date_created, description, e_group, e_user) VALUES (8, 12.20, 'EUR', 1665940451, 'Cake', 102, 'mriajim');
INSERT INTO expenses (id, amount, currency, date_created, description, e_group, e_user) VALUES (9, 29.95, 'EUR', 1665940556, 'Present 1', 102, 'ant_gzlez');
INSERT INTO expenses (id, amount, currency, date_created, description, e_group, e_user) VALUES (10, 51.30, 'EUR', 1665943348, 'Present 2', 102, 'manoleitor');
INSERT INTO expenses (id, amount, currency, date_created, description, e_group, e_user) VALUES (11, 102.71, 'EUR', 1665940570, 'House rent', 102, 'ant_gzlez');
