create table expenses_group (group_id int8 generated by default as identity, group_title varchar(255) not null, primary key (group_id));
INSERT INTO expenses_group (group_id, group_title) VALUES (100, 'Test group 0');
INSERT INTO expenses_group (group_id, group_title) VALUES (101, 'Test group 1');
INSERT INTO expenses_group (group_id, group_title) VALUES (102, 'Test group 2');

create table user_data (username varchar(255) not null, name varchar(255) not null, password varchar(255) not null, primary key (username));
INSERT INTO user_data (username, name, password) VALUES ('roberto5000', 'Roberto Gonzalez', 'abc123');
INSERT INTO user_data (username, name, password) VALUES ('mriajim', 'Maria Jimenez', '89asj');
INSERT INTO user_data (username, name, password) VALUES ('ant_gzlez', 'Antonio Gonzalez', 'as9zx9k');
INSERT INTO user_data (username, name, password) VALUES ('goku', 'Goku Fernandez', '235hxa');
INSERT INTO user_data (username, name, password) VALUES ('ign', 'Ignacio Diaz', 'sad89x8j');
INSERT INTO user_data (username, name, password) VALUES ('manoleitor', 'Manuel Moreno', 'zxf8e8fj');

create table group_user (group_id int8 not null, username varchar(255) not null);
INSERT INTO group_user (group_id, username) VALUES (100, 'roberto5000');
INSERT INTO group_user (group_id, username) VALUES (100, 'mriajim');
INSERT INTO group_user (group_id, username) VALUES (100, 'ant_gzlez');
INSERT INTO group_user (group_id, username) VALUES (101, 'goku');
INSERT INTO group_user (group_id, username) VALUES (101, 'ign');
INSERT INTO group_user (group_id, username) VALUES (101, 'manoleitor');
INSERT INTO group_user (group_id, username) VALUES (102, 'roberto5000');
INSERT INTO group_user (group_id, username) VALUES (102, 'mriajim');
INSERT INTO group_user (group_id, username) VALUES (102, 'ant_gzlez');
INSERT INTO group_user (group_id, username) VALUES (102, 'goku');
INSERT INTO group_user (group_id, username) VALUES (102, 'ign');
INSERT INTO group_user (group_id, username) VALUES (102, 'manoleitor');
